<?xml version="1.0" encoding="utf-8" standalone="yes" ?>
<Window size="1024,730" sizebox="4,4,4,4" caption="0,0,0,30" mininfo="168,30" showshadow="true" shadowsize="2" shadowcolor="0x2F9EED">
	<Font shared="true" id="0" name="宋体" size="12" bold="false" italic="false" />
	<Font shared="true" id="1" name="宋体" size="14" bold="false" italic="false" default="true" />
	<Font shared="true" id="2" name="宋体" size="16" bold="false" italic="false" />
	<VerticalLayout name="bg" bkcolor="#FF2F9EED">
		<HorizontalLayout name="uiTop" height="30">
			<Label name="labTitle" text="Browser" textpadding="8,0,8,0" textcolor="#FFFFFFFF" disabledtextcolor="#FFA7A6AA" font="2" />
			<Button name="minbtn" width="30" height="30" normalimage="file='btn_mini_normal.png'" hotimage="btn_mini_hot.png" pushedimage="btn_mini_pushed.png" />
			<Button name="maxbtn" width="30" height="30" normalimage="file='btn_max_normal.png'" hotimage="btn_max_hot.png" pushedimage="btn_max_pushed.png" />
			<Button name="restorebtn" width="30" height="30" normalimage="file='btn_restore_normal.png'" hotimage="btn_restore_hot.png" pushedimage="btn_restore_pushed.png" visible="false" />
			<Button name="closebtn" width="30" height="30" normalimage="file='btn_close_normal.png'" hotimage="btn_close_hot.png" pushedimage="btn_close_pushed.png" />
		</HorizontalLayout>
		<HorizontalLayout name="uiToolbar" height="30" inset="0,5,0,5">
			<Edit name="editUrl" height="20" padding="10,0,5,0" bkcolor="#FFFFFFFF" textcolor="#FF000000" normalimage="file='prev.png' dest='0,3,30,27'" />
			<Button name="btnHome" width="20" height="20" padding="5,0,8,0" normalimage="home.png" />
			<Button name="btnConfig" width="20" height="20" padding="8,0,0,0" normalimage="config.png" />
		</HorizontalLayout>
		<Container name="uiContent" inset="1,0,1,1">
			<BrowserUI name="mBrowser" bkcolor="#FFFFFFFF" />
		</Container>
	</VerticalLayout>
</Window>
